{
    "type": "crafting_shaped",
    "pattern": [
        "%%%",
        "#i#",
        "#^#"
    ],
    "key": {
        "^": {
            "item": "minecraft:redstone"
        },
        "i": {
            "item": "minecraft:iron_ingot"
        },
        "#": {
            "tag": "minecraft:stone_crafting_materials"
        },
        "%": {
            "tag": "minecraft:planks"
        }
    },
    "result": {
        "item": "minecraft:piston",
        "count": 7
    }
}